"Pesel","92791994"
"Pesel","49220005"
"Pesel","61441910"
"Pesel","55962503"
"Pesel","3885755"
"Pesel","25645427"
"Pesel","41227690"
"Pesel","79090887"
"Pesel","91741457"
"Pesel","27461470"
"Pesel","51747221"
"Pesel","72749033"
"Pesel","26070194"
"Pesel","87649004"
"Pesel","2865752"
"Pesel","12258750"
"Pesel","68237985"
"Pesel","4942266"
"Pesel","14730696"
"Pesel","79198136"
"Pesel","64771814"
"Pesel","48933572"
"Pesel","69888814"
"Pesel","18938994"
"Pesel","65459605"
"Pesel","7236650"
"Pesel","43406766"
"Pesel","31161557"
"Pesel","89611913"
"Pesel","12367509"
"Pesel","66189271"
"Pesel","18700995"
"Pesel","85100096"
"Pesel","18685653"
"Pesel","742548"
"Pesel","205936"
"Pesel","67608235"
"Pesel","73465834"
"Pesel","32247181"
"Pesel","58443556"
"Pesel","4218385"
"Pesel","21357956"
"Pesel","99085661"
"Pesel","9172932"
"Pesel","59144403"
"Pesel","22281869"
"Pesel","10595262"
"Pesel","84719674"
"Pesel","69988909"
"Pesel","97189069"
"Pesel","91356805"
"Pesel","21744659"
"Pesel","82777512"
"Pesel","77992880"
"Pesel","84311363"
"Pesel","69996112"
"Pesel","92627366"
"Pesel","37930635"
"Pesel","27752572"
"Pesel","37259753"
"Pesel","37779704"
"Pesel","58078762"
"Pesel","94853806"
"Pesel","43223614"
"Pesel","50693092"
"Pesel","81897692"
"Pesel","2098406"
"Pesel","99659076"
"Pesel","55231228"
"Pesel","54050092"
"Pesel","69424325"
"Pesel","60505070"
"Pesel","57311265"
"Pesel","31037677"
"Pesel","25758896"
"Pesel","81755530"
"Pesel","18970548"
"Pesel","35257860"
"Pesel","17221439"
"Pesel","13111376"
"Pesel","61750244"
"Pesel","19316526"
"Pesel","17655361"
"Pesel","90517246"
"Pesel","49734492"
"Pesel","98445442"
"Pesel","12536100"
"Pesel","54476899"
"Pesel","21119381"
"Pesel","76947807"
"Pesel","38441380"
"Pesel","11999024"
"Pesel","80652020"
"Pesel","95120278"
"Pesel","17801480"
"Pesel","53139989"
"Pesel","58094593"
"Pesel","50652529"
"Pesel","20884435"
"Pesel","18111151"
"Pesel","33458320"
"Pesel","12570063"
"Pesel","36015011"
"Pesel","50119788"
"Pesel","96159106"
"Pesel","91066967"
"Pesel","62775969"
"Pesel","16038059"
"Pesel","76932136"
"Pesel","35546811"
"Pesel","35686660"
"Pesel","29365048"
"Pesel","34743672"
"Pesel","54714354"
"Pesel","25053462"
"Pesel","14137679"
"Pesel","86822580"
"Pesel","53878880"
"Pesel","52705419"
"Pesel","54421172"
"Pesel","74036039"
"Pesel","14561060"
"Pesel","99508195"
"Pesel","89163077"
"Pesel","17520140"
"Pesel","66587831"
"Pesel","82412718"
"Pesel","27326570"
"Pesel","48213276"
"Pesel","97435089"
"Pesel","24732102"
"Pesel","91440767"
"Pesel","5516077"
"Pesel","35026042"
"Pesel","72845262"
"Pesel","82438889"
"Pesel","39069636"
"Pesel","25634626"
"Pesel","79322162"
"Pesel","38344916"
"Pesel","35698393"
"Pesel","67972481"
"Pesel","74770936"
"Pesel","3825949"
"Pesel","14453006"
"Pesel","32244850"
"Pesel","70776517"
"Pesel","64306814"
"Pesel","23273813"
"Pesel","80653293"
"Pesel","43778026"
"Pesel","70308705"
"Pesel","85152772"
"Pesel","34119805"
"Pesel","80410745"
"Pesel","48592029"
"Pesel","98551623"
"Pesel","75763188"
"Pesel","45681489"
"Pesel","26522145"
"Pesel","44699033"
"Pesel","99205167"
"Pesel","82101204"
"Pesel","89537723"
"Pesel","8627926"
"Pesel","99000200"
"Pesel","92569364"
"Pesel","94335440"
"Pesel","21756157"
"Pesel","37344850"
"Pesel","77234975"
"Pesel","90049657"
"Pesel","90286717"
"Pesel","77135979"
"Pesel","24995833"
"Pesel","21441597"
"Pesel","74330676"
"Pesel","66069227"
"Pesel","26104540"
"Pesel","83040346"
"Pesel","95828808"
"Pesel","72192216"
"Pesel","25948190"
"Pesel","11955986"
"Pesel","66962782"
"Pesel","26075665"
"Pesel","72769174"
"Pesel","34883961"
"Pesel","7472630"
"Pesel","18682524"
"Pesel","43058920"
"Pesel","38139243"
"Pesel","40127607"
"Pesel","2959228"
"Pesel","86555246"
"Pesel","41191993"
"Pesel","22590097"
"Pesel","54678479"
"Pesel","42140233"
"Pesel","30170227"
"Pesel","57831732"
"Pesel","13011536"
"Pesel","65291893"
"Pesel","37883375"
"Pesel","68899316"
"Pesel","4473357"
"Pesel","16865582"
"Pesel","39330052"
"Pesel","43426185"
"Pesel","49286573"
"Pesel","9597913"
"Pesel","7182816"
"Pesel","92714298"
"Pesel","53538694"
"Pesel","83479301"
"Pesel","23472814"
"Pesel","84947330"
"Pesel","76376114"
"Pesel","1499704"
"Pesel","83199920"
"Pesel","80555418"
"Pesel","68151565"
"Pesel","2141286"
"Pesel","19897462"
"Pesel","5660206"
"Pesel","68611324"
"Pesel","39353004"
"Pesel","74478689"
"Pesel","84180918"
"Pesel","15973686"
"Pesel","89781131"
"Pesel","76238749"
"Pesel","47983455"
"Pesel","83597015"
"Pesel","99809007"
"Pesel","61618403"
"Pesel","17650681"
"Pesel","47712114"
"Pesel","55267266"
"Pesel","29408382"
"Pesel","36193982"
"Pesel","38727664"
"Pesel","39475937"
"Pesel","43013362"
"Pesel","62802237"
"Pesel","62093033"
"Pesel","55958857"
"Pesel","38202615"
"Pesel","76509393"
"Pesel","37515349"
"Pesel","55764134"
"Pesel","78208157"
"Pesel","44556731"
"Pesel","29335453"
"Pesel","88020131"
"Pesel","78876214"
"Pesel","13544800"
"Pesel","44355683"
"Pesel","12632042"
"Pesel","416348"
"Pesel","62495851"
"Pesel","98835239"
"Pesel","56823478"
"Pesel","14188211"
"Pesel","51767253"
"Pesel","84517078"
"Pesel","97582209"
"Pesel","98619613"
"Pesel","61168766"
"Pesel","14962233"
"Pesel","56018444"
"Pesel","474406"
"Pesel","24397621"
"Pesel","72538181"
"Pesel","11836431"
"Pesel","93581006"
"Pesel","88597817"
"Pesel","98410605"
"Pesel","52559907"
"Pesel","56350346"
"Pesel","10478003"
"Pesel","65096843"
"Pesel","8603350"
"Pesel","79491922"
"Pesel","99590645"
"Pesel","51966048"
"Pesel","52341225"
"Pesel","69903983"
"Pesel","1194737"
"Pesel","5899964"
"Pesel","533804"
"Pesel","57414036"
"Pesel","7725561"
"Pesel","34730187"
"Pesel","62912464"
"Pesel","17945911"
"Pesel","50795614"
"Pesel","4430516"
"Pesel","60713667"
"Pesel","32624661"
"Pesel","20529782"
"Pesel","96748287"
"Pesel","43803719"
"Pesel","49038622"
"Pesel","52362544"
"Pesel","6946282"
"Pesel","41092119"
"Pesel","70289029"
"Pesel","53571963"
"Pesel","14738763"
"Pesel","56473824"
"Pesel","76223068"
"Pesel","73188698"
"Pesel","38689109"
"Pesel","33243681"
"Pesel","39655084"
"Pesel","13004027"
"Pesel","21904132"
"Pesel","61568347"
"Pesel","34657297"
"Pesel","64552669"
"Pesel","96041224"
"Pesel","68292058"
"Pesel","58033278"
"Pesel","14940215"
"Pesel","472391"
"Pesel","36658345"
"Pesel","37631997"
"Pesel","88199349"
"Pesel","37380248"
"Pesel","67191556"
"Pesel","10260869"
"Pesel","61784963"
"Pesel","491918"
"Pesel","30194039"
"Pesel","97463309"
"Pesel","14722907"
"Pesel","99154264"
"Pesel","29226963"
"Pesel","49993460"
"Pesel","85729982"
"Pesel","71286447"
"Pesel","37369015"
"Pesel","10847201"
"Pesel","44936137"
"Pesel","82666401"
"Pesel","37340835"
"Pesel","1673685"
"Pesel","81182637"
"Pesel","24715719"
"Pesel","49390236"
"Pesel","62372011"
"Pesel","4036016"
"Pesel","14715140"
"Pesel","56708742"
"Pesel","5150322"
"Pesel","39857609"
"Pesel","94752672"
"Pesel","75815091"
"Pesel","44306092"
"Pesel","71019773"
"Pesel","54541205"
"Pesel","56494356"
"Pesel","35847661"
"Pesel","90319712"
"Pesel","72399710"
"Pesel","37759177"
"Pesel","39920505"
"Pesel","49209100"
"Pesel","90983281"
"Pesel","97574099"
"Pesel","61287835"
"Pesel","46583411"
"Pesel","80642458"
"Pesel","83889678"
"Pesel","85909011"
"Pesel","78961834"
"Pesel","58594094"
"Pesel","94059334"
"Pesel","33230498"
"Pesel","11333650"
"Pesel","33805376"
"Pesel","59963035"
"Pesel","60691095"
"Pesel","81342687"
"Pesel","30724253"
"Pesel","11771956"
"Pesel","21569332"
"Pesel","32807768"
"Pesel","34048452"
"Pesel","21032308"
"Pesel","52973238"
"Pesel","99782834"
"Pesel","23674984"
"Pesel","49985971"
"Pesel","89649295"
"Pesel","10120312"
"Pesel","93915757"
"Pesel","30546789"
"Pesel","44599497"
"Pesel","34847724"
"Pesel","38216391"
"Pesel","81869846"
"Pesel","55708974"
"Pesel","21125451"
"Pesel","38650922"
"Pesel","71656126"
"Pesel","14408044"
"Pesel","13609954"
"Pesel","31635960"
"Pesel","94519502"
"Pesel","11754318"
"Pesel","93074159"
"Pesel","53138492"
"Pesel","28047292"
"Pesel","31387021"
"Pesel","37338924"
"Pesel","97534529"
"Pesel","69491862"
"Pesel","69189713"
"Pesel","23071818"
"Pesel","85246193"
"Pesel","84279353"
"Pesel","75094136"
"Pesel","39660981"
"Pesel","23843403"
"Pesel","50221344"
"Pesel","62895499"
"Pesel","36590388"
"Pesel","58537152"
"Pesel","12852842"
"Pesel","13088641"
"Pesel","72230552"
"Pesel","43025985"
"Pesel","93564555"
"Pesel","99503483"
"Pesel","2893264"
"Pesel","15261360"
"Pesel","20757337"
"Pesel","22722607"
"Pesel","46126232"
"Pesel","87704240"
"Pesel","11336842"
"Pesel","90960858"
"Pesel","70433097"
"Pesel","6158236"
"Pesel","19059416"
"Pesel","48100116"
"Pesel","331049"
