"Pesel","284507098"
"Pesel","905552729"
"Pesel","659767819"
"Pesel","709938688"
"Pesel","205686899"
"Pesel","133575411"
"Pesel","288880538"
"Pesel","915431839"
"Pesel","184327738"
"Pesel","358090869"
"Pesel","168649786"
"Pesel","917998623"
"Pesel","590163140"
"Pesel","653516867"
"Pesel","259477126"
"Pesel","682179580"
"Pesel","445209652"
"Pesel","980880388"
"Pesel","887456490"
"Pesel","486768597"
"Pesel","758851098"
"Pesel","377229388"
"Pesel","449000087"
"Pesel","251531099"
"Pesel","299647110"
"Pesel","646982783"
"Pesel","577956053"
"Pesel","768754991"
"Pesel","408404913"
"Pesel","285133220"
"Pesel","822049757"
"Pesel","758371128"
"Pesel","509082539"
"Pesel","617768642"
"Pesel","778568614"
"Pesel","728804879"
"Pesel","956672509"
"Pesel","104674196"
"Pesel","725816410"
"Pesel","220383634"
"Pesel","805969885"
"Pesel","361613828"
"Pesel","666290635"
"Pesel","512863080"
"Pesel","852338092"
"Pesel","818091207"
"Pesel","302324927"
"Pesel","247861708"
"Pesel","339237327"
"Pesel","623710169"
"Pesel","636844130"
"Pesel","229164981"
"Pesel","492452393"
"Pesel","176993760"
"Pesel","578521725"
"Pesel","226316683"
"Pesel","310284434"
"Pesel","117607216"
"Pesel","310003840"
"Pesel","955024215"
"Pesel","626814755"
"Pesel","699613658"
"Pesel","633484059"
"Pesel","434357738"
"Pesel","609546280"
"Pesel","941772700"
"Pesel","742680169"
"Pesel","447536655"
"Pesel","945150442"
"Pesel","874668249"
"Pesel","386809468"
"Pesel","802275369"
"Pesel","748551940"
"Pesel","836123769"
"Pesel","469997332"
"Pesel","882072224"
"Pesel","623344076"
"Pesel","354892406"
"Pesel","153208298"
"Pesel","313147231"
"Pesel","767134693"
"Pesel","729402281"
"Pesel","664481053"
"Pesel","570966756"
"Pesel","718437326"
"Pesel","142261417"
"Pesel","323180402"
"Pesel","942055858"
"Pesel","584404418"
"Pesel","544721166"
"Pesel","892834956"
"Pesel","403917004"
"Pesel","937292380"
"Pesel","550431572"
"Pesel","595584990"
"Pesel","643837987"
"Pesel","880766279"
"Pesel","425573897"
"Pesel","857004370"
"Pesel","624376490"
"Pesel","897357270"
"Pesel","760711955"
"Pesel","525381221"
"Pesel","962145958"
"Pesel","425338382"
"Pesel","795951371"
"Pesel","455308422"
"Pesel","621482212"
"Pesel","925394410"
"Pesel","942107194"
"Pesel","805679241"
"Pesel","344124393"
"Pesel","991285389"
"Pesel","515936565"
"Pesel","634255296"
"Pesel","429496362"
"Pesel","577069270"
"Pesel","225805314"
"Pesel","924235173"
"Pesel","477793065"
"Pesel","472161116"
"Pesel","776110905"
"Pesel","406775089"
"Pesel","462573325"
"Pesel","128713114"
"Pesel","212134817"
"Pesel","293877942"
"Pesel","725223529"
"Pesel","826101212"
"Pesel","459291935"
"Pesel","393755883"
"Pesel","643769579"
"Pesel","432659986"
"Pesel","646237624"
"Pesel","383479061"
"Pesel","401753349"
"Pesel","809049939"
"Pesel","540472748"
"Pesel","907145583"
"Pesel","742396986"
"Pesel","227525334"
"Pesel","121333311"
"Pesel","999665045"
"Pesel","463733444"
"Pesel","577454121"
"Pesel","419105840"
"Pesel","634539282"
"Pesel","739669318"
"Pesel","435450561"
"Pesel","995743937"
"Pesel","147393141"
"Pesel","768979842"
"Pesel","154407800"
"Pesel","630731137"
"Pesel","116308638"
"Pesel","641952823"
"Pesel","730500232"
"Pesel","780969466"
"Pesel","329888914"
"Pesel","812171433"
"Pesel","244452703"
"Pesel","184952855"
"Pesel","902416753"
"Pesel","783844637"
"Pesel","491573121"
"Pesel","778023032"
"Pesel","197444950"
"Pesel","322016103"
"Pesel","416986681"
"Pesel","525415178"
"Pesel","877415645"
"Pesel","843696161"
"Pesel","454172395"
"Pesel","131619901"
"Pesel","131584124"
"Pesel","881428063"
"Pesel","268793471"
"Pesel","715821975"
"Pesel","115117350"
"Pesel","180991991"
"Pesel","670208092"
"Pesel","156557661"
"Pesel","242005518"
"Pesel","297810667"
"Pesel","659580818"
"Pesel","509390011"
"Pesel","566281446"
"Pesel","578073641"
"Pesel","518647732"
"Pesel","576902123"
"Pesel","802440763"
"Pesel","132937619"
"Pesel","459107746"
"Pesel","665710564"
"Pesel","497534580"
"Pesel","343170496"
"Pesel","200798788"
"Pesel","466872385"
"Pesel","461997412"
"Pesel","439868443"
"Pesel","149330110"
"Pesel","686376098"
"Pesel","678758271"
"Pesel","129560936"
"Pesel","402421756"
"Pesel","740978418"
"Pesel","691792683"
"Pesel","927164224"
"Pesel","373937157"
"Pesel","270560600"
"Pesel","905271152"
"Pesel","169822008"
"Pesel","827664214"
"Pesel","440660818"
"Pesel","204112329"
"Pesel","747334722"
"Pesel","654842418"
"Pesel","757117498"
"Pesel","654644962"
"Pesel","836553798"
"Pesel","732888313"
"Pesel","245887440"
"Pesel","496450479"
"Pesel","733214581"
"Pesel","636882689"
"Pesel","500316860"
"Pesel","916402388"
"Pesel","859189931"
"Pesel","843439133"
"Pesel","246279061"
"Pesel","905923691"
"Pesel","140936387"
"Pesel","519175353"
"Pesel","209769680"
"Pesel","218701780"
"Pesel","972510328"
"Pesel","952837121"
"Pesel","376299331"
"Pesel","701515787"
"Pesel","231313358"
"Pesel","811572653"
"Pesel","195558392"
"Pesel","301204442"
"Pesel","140965789"
"Pesel","928711402"
"Pesel","422542808"
"Pesel","275708776"
"Pesel","140931584"
"Pesel","384945009"
"Pesel","123987967"
"Pesel","375598669"
"Pesel","434788128"
"Pesel","803604622"
"Pesel","861528166"
"Pesel","228602626"
"Pesel","562695773"
"Pesel","384476728"
"Pesel","416541054"
"Pesel","641386458"
"Pesel","820725480"
"Pesel","130945874"
"Pesel","657202001"
"Pesel","992664637"
"Pesel","449189170"
"Pesel","662866810"
"Pesel","156180634"
"Pesel","193087879"
"Pesel","224184536"
"Pesel","782751386"
"Pesel","107099198"
"Pesel","891388449"
"Pesel","917846152"
"Pesel","743521492"
"Pesel","366479011"
"Pesel","278507768"
"Pesel","318844169"
"Pesel","754705657"
"Pesel","547065200"
"Pesel","102957037"
"Pesel","445803657"
"Pesel","226287234"
"Pesel","975116415"
"Pesel","393833738"
"Pesel","620133651"
"Pesel","734315656"
"Pesel","864568035"
"Pesel","227593273"
"Pesel","295146604"
"Pesel","236872468"
"Pesel","505106557"
"Pesel","222879011"
"Pesel","679104235"
"Pesel","705250170"
"Pesel","479756326"
"Pesel","571970665"
"Pesel","118281754"
"Pesel","245927181"
"Pesel","236614613"
"Pesel","937559285"
"Pesel","309251714"
"Pesel","371549017"
"Pesel","280591570"
"Pesel","896650478"
"Pesel","394119054"
"Pesel","571300213"
"Pesel","323380640"
"Pesel","627121120"
"Pesel","175538183"
"Pesel","877674958"
"Pesel","771379555"
"Pesel","974209607"
"Pesel","613626475"
"Pesel","179076890"
"Pesel","490695821"
"Pesel","526416961"
"Pesel","370992134"
"Pesel","675406028"
"Pesel","697527228"
"Pesel","664076942"
"Pesel","232906266"
"Pesel","283293653"
"Pesel","231400913"
"Pesel","306793291"
"Pesel","835205691"
"Pesel","521164575"
"Pesel","871363587"
"Pesel","213869992"
"Pesel","573275509"
"Pesel","669545677"
"Pesel","170037068"
"Pesel","198186490"
"Pesel","295355287"
"Pesel","819454954"
"Pesel","950299192"
"Pesel","318024037"
"Pesel","581609961"
"Pesel","767094226"
"Pesel","248404726"
"Pesel","990759286"
"Pesel","405903706"
"Pesel","927100117"
"Pesel","552061873"
"Pesel","562795326"
"Pesel","124085036"
"Pesel","364860474"
"Pesel","189307426"
"Pesel","820972074"
"Pesel","568074715"
"Pesel","472032581"
"Pesel","650703406"
"Pesel","520238197"
"Pesel","188901312"
"Pesel","627470479"
"Pesel","354714136"
"Pesel","849014312"
"Pesel","415138004"
"Pesel","255509415"
"Pesel","198912636"
"Pesel","218032905"
"Pesel","773989319"
"Pesel","275874475"
"Pesel","751295834"
"Pesel","303424170"
"Pesel","377490080"
"Pesel","865217914"
"Pesel","698252074"
"Pesel","526274514"
"Pesel","137431851"
"Pesel","220183252"
"Pesel","942933753"
"Pesel","805717272"
"Pesel","681038672"
"Pesel","556898911"
"Pesel","873606840"
"Pesel","223266296"
"Pesel","981072810"
"Pesel","937900969"
"Pesel","923733099"
"Pesel","828212051"
"Pesel","903647286"
"Pesel","314392511"
"Pesel","324403402"
"Pesel","419213216"
"Pesel","629222189"
"Pesel","255025711"
"Pesel","501048744"
"Pesel","139610094"
"Pesel","178513840"
"Pesel","428199795"
"Pesel","438976610"
"Pesel","747230762"
